scenario_key,scenario_order,scenario_label,security_layer,run_index,source_file,scenario,run_id,run_number,commit_sha,step_name,start_timestamp,end_timestamp,duration_seconds,status,is_workflow_total,is_security_step,is_deploy_step,is_valid_execution
c1,1,C1 - Baseline,none,1,analysis/raw/c1/timing/c1_run_1.csv,C1-baseline,26467314674,3,51e9139b6311cd565bf7a83518f66a2daeffd33e,docker_build,5/26/26 18:29,5/26/26 18:29,13,success,False,False,False,True
c1,1,C1 - Baseline,none,1,analysis/raw/c1/timing/c1_run_1.csv,C1-baseline,26467314674,3,51e9139b6311cd565bf7a83518f66a2daeffd33e,install_dependencies,5/26/26 18:29,5/26/26 18:29,9,success,False,False,False,True
c1,1,C1 - Baseline,none,1,analysis/raw/c1/timing/c1_run_1.csv,C1-baseline,26467314674,3,51e9139b6311cd565bf7a83518f66a2daeffd33e,kubernetes_deploy,5/26/26 18:30,5/26/26 18:30,27,success,False,False,True,True
c1,1,C1 - Baseline,none,1,analysis/raw/c1/timing/c1_run_1.csv,C1-baseline,26467314674,3,51e9139b6311cd565bf7a83518f66a2daeffd33e,kubernetes_smoke_test,5/26/26 18:30,5/26/26 18:30,5,success,False,False,True,True
c1,1,C1 - Baseline,none,1,analysis/raw/c1/timing/c1_run_1.csv,C1-baseline,26467314674,3,51e9139b6311cd565bf7a83518f66a2daeffd33e,unit_tests,5/26/26 18:29,5/26/26 18:29,2,success,False,False,False,True
c1,1,C1 - Baseline,none,1,analysis/raw/c1/timing/c1_run_1.csv,C1-baseline,26467314674,3,51e9139b6311cd565bf7a83518f66a2daeffd33e,workflow_total,5/26/26 18:29,5/26/26 18:30,83,success,True,False,False,True
c1,1,C1 - Baseline,none,2,analysis/raw/c1/timing/c1_run_2.csv,C1-baseline,26467314674,3,51e9139b6311cd565bf7a83518f66a2daeffd33e,docker_build,2026-05-26T18:48:18Z,2026-05-26T18:48:35Z,17,success,False,False,False,True
c1,1,C1 - Baseline,none,2,analysis/raw/c1/timing/c1_run_2.csv,C1-baseline,26467314674,3,51e9139b6311cd565bf7a83518f66a2daeffd33e,install_dependencies,2026-05-26T18:48:07Z,2026-05-26T18:48:16Z,9,success,False,False,False,True
c1,1,C1 - Baseline,none,2,analysis/raw/c1/timing/c1_run_2.csv,C1-baseline,26467314674,3,51e9139b6311cd565bf7a83518f66a2daeffd33e,kubernetes_deploy,2026-05-26T18:49:07Z,2026-05-26T18:49:35Z,28,success,False,False,True,True
c1,1,C1 - Baseline,none,2,analysis/raw/c1/timing/c1_run_2.csv,C1-baseline,26467314674,3,51e9139b6311cd565bf7a83518f66a2daeffd33e,kubernetes_smoke_test,2026-05-26T18:49:35Z,2026-05-26T18:49:40Z,5,success,False,False,True,True
c1,1,C1 - Baseline,none,2,analysis/raw/c1/timing/c1_run_2.csv,C1-baseline,26467314674,3,51e9139b6311cd565bf7a83518f66a2daeffd33e,unit_tests,2026-05-26T18:48:16Z,2026-05-26T18:48:18Z,2,success,False,False,False,True
c1,1,C1 - Baseline,none,2,analysis/raw/c1/timing/c1_run_2.csv,C1-baseline,26467314674,3,51e9139b6311cd565bf7a83518f66a2daeffd33e,workflow_total,2026-05-26T18:48:07Z,2026-05-26T18:49:40Z,93,success,True,False,False,True
c1,1,C1 - Baseline,none,3,analysis/raw/c1/timing/c1_run_3.csv,C1-baseline,26467314674,3,51e9139b6311cd565bf7a83518f66a2daeffd33e,docker_build,2026-05-26T18:55:54Z,2026-05-26T18:56:07Z,13,success,False,False,False,True
c1,1,C1 - Baseline,none,3,analysis/raw/c1/timing/c1_run_3.csv,C1-baseline,26467314674,3,51e9139b6311cd565bf7a83518f66a2daeffd33e,install_dependencies,2026-05-26T18:55:44Z,2026-05-26T18:55:52Z,8,success,False,False,False,True
c1,1,C1 - Baseline,none,3,analysis/raw/c1/timing/c1_run_3.csv,C1-baseline,26467314674,3,51e9139b6311cd565bf7a83518f66a2daeffd33e,kubernetes_deploy,2026-05-26T18:56:38Z,2026-05-26T18:57:05Z,27,success,False,False,True,True
c1,1,C1 - Baseline,none,3,analysis/raw/c1/timing/c1_run_3.csv,C1-baseline,26467314674,3,51e9139b6311cd565bf7a83518f66a2daeffd33e,kubernetes_smoke_test,2026-05-26T18:57:06Z,2026-05-26T18:57:11Z,5,success,False,False,True,True
c1,1,C1 - Baseline,none,3,analysis/raw/c1/timing/c1_run_3.csv,C1-baseline,26467314674,3,51e9139b6311cd565bf7a83518f66a2daeffd33e,unit_tests,2026-05-26T18:55:52Z,2026-05-26T18:55:54Z,2,success,False,False,False,True
c1,1,C1 - Baseline,none,3,analysis/raw/c1/timing/c1_run_3.csv,C1-baseline,26467314674,3,51e9139b6311cd565bf7a83518f66a2daeffd33e,workflow_total,2026-05-26T18:55:44Z,2026-05-26T18:57:11Z,87,success,True,False,False,True
c1,1,C1 - Baseline,none,4,analysis/raw/c1/timing/c1_run_4.csv,C1-baseline,26467314674,3,51e9139b6311cd565bf7a83518f66a2daeffd33e,docker_build,2026-05-26T19:00:19Z,2026-05-26T19:00:36Z,17,success,False,False,False,True
c1,1,C1 - Baseline,none,4,analysis/raw/c1/timing/c1_run_4.csv,C1-baseline,26467314674,3,51e9139b6311cd565bf7a83518f66a2daeffd33e,install_dependencies,2026-05-26T19:00:10Z,2026-05-26T19:00:18Z,8,success,False,False,False,True
c1,1,C1 - Baseline,none,4,analysis/raw/c1/timing/c1_run_4.csv,C1-baseline,26467314674,3,51e9139b6311cd565bf7a83518f66a2daeffd33e,kubernetes_deploy,2026-05-26T19:01:08Z,2026-05-26T19:01:37Z,29,success,False,False,True,True
c1,1,C1 - Baseline,none,4,analysis/raw/c1/timing/c1_run_4.csv,C1-baseline,26467314674,3,51e9139b6311cd565bf7a83518f66a2daeffd33e,kubernetes_smoke_test,2026-05-26T19:01:37Z,2026-05-26T19:01:42Z,5,success,False,False,True,True
c1,1,C1 - Baseline,none,4,analysis/raw/c1/timing/c1_run_4.csv,C1-baseline,26467314674,3,51e9139b6311cd565bf7a83518f66a2daeffd33e,unit_tests,2026-05-26T19:00:18Z,2026-05-26T19:00:19Z,1,success,False,False,False,True
c1,1,C1 - Baseline,none,4,analysis/raw/c1/timing/c1_run_4.csv,C1-baseline,26467314674,3,51e9139b6311cd565bf7a83518f66a2daeffd33e,workflow_total,2026-05-26T19:00:10Z,2026-05-26T19:01:42Z,92,success,True,False,False,True
c1,1,C1 - Baseline,none,5,analysis/raw/c1/timing/c1_run_5.csv,C1-baseline,26467314674,3,51e9139b6311cd565bf7a83518f66a2daeffd33e,docker_build,2026-05-26T19:04:36Z,2026-05-26T19:04:48Z,12,success,False,False,False,True
c1,1,C1 - Baseline,none,5,analysis/raw/c1/timing/c1_run_5.csv,C1-baseline,26467314674,3,51e9139b6311cd565bf7a83518f66a2daeffd33e,install_dependencies,2026-05-26T19:04:28Z,2026-05-26T19:04:35Z,7,success,False,False,False,True
c1,1,C1 - Baseline,none,5,analysis/raw/c1/timing/c1_run_5.csv,C1-baseline,26467314674,3,51e9139b6311cd565bf7a83518f66a2daeffd33e,kubernetes_deploy,2026-05-26T19:05:15Z,2026-05-26T19:05:43Z,28,success,False,False,True,True
c1,1,C1 - Baseline,none,5,analysis/raw/c1/timing/c1_run_5.csv,C1-baseline,26467314674,3,51e9139b6311cd565bf7a83518f66a2daeffd33e,kubernetes_smoke_test,2026-05-26T19:05:43Z,2026-05-26T19:05:48Z,5,success,False,False,True,True
c1,1,C1 - Baseline,none,5,analysis/raw/c1/timing/c1_run_5.csv,C1-baseline,26467314674,3,51e9139b6311cd565bf7a83518f66a2daeffd33e,unit_tests,2026-05-26T19:04:35Z,2026-05-26T19:04:36Z,1,success,False,False,False,True
c1,1,C1 - Baseline,none,5,analysis/raw/c1/timing/c1_run_5.csv,C1-baseline,26467314674,3,51e9139b6311cd565bf7a83518f66a2daeffd33e,workflow_total,2026-05-26T19:04:28Z,2026-05-26T19:05:48Z,80,success,True,False,False,True
c2,2,C2 - SAST,sast,1,analysis/raw/c2/timing/c2_run_1.csv,C2-sast,26903442016,7,877ea348a4cf1acd8ae53a5eaa647b5492ee286d,docker_build,2026-06-03T18:03:01Z,2026-06-03T18:03:04Z,3,success,False,False,False,True
c2,2,C2 - SAST,sast,1,analysis/raw/c2/timing/c2_run_1.csv,C2-sast,26903442016,7,877ea348a4cf1acd8ae53a5eaa647b5492ee286d,install_dependencies,2026-06-03T18:02:43Z,2026-06-03T18:02:44Z,1,success,False,False,False,True
c2,2,C2 - SAST,sast,1,analysis/raw/c2/timing/c2_run_1.csv,C2-sast,26903442016,7,877ea348a4cf1acd8ae53a5eaa647b5492ee286d,kubernetes_deploy,2026-06-03T18:03:52Z,2026-06-03T18:04:26Z,34,success,False,False,True,True
c2,2,C2 - SAST,sast,1,analysis/raw/c2/timing/c2_run_1.csv,C2-sast,26903442016,7,877ea348a4cf1acd8ae53a5eaa647b5492ee286d,kubernetes_smoke_test,2026-06-03T18:04:26Z,2026-06-03T18:04:31Z,5,success,False,False,True,True
c2,2,C2 - SAST,sast,1,analysis/raw/c2/timing/c2_run_1.csv,C2-sast,26903442016,7,877ea348a4cf1acd8ae53a5eaa647b5492ee286d,sonarqube_sast,2026-06-03T18:02:45Z,2026-06-03T18:03:01Z,16,success,False,True,False,True
c2,2,C2 - SAST,sast,1,analysis/raw/c2/timing/c2_run_1.csv,C2-sast,26903442016,7,877ea348a4cf1acd8ae53a5eaa647b5492ee286d,unit_tests,2026-06-03T18:02:44Z,2026-06-03T18:02:45Z,1,success,False,False,False,True
c2,2,C2 - SAST,sast,1,analysis/raw/c2/timing/c2_run_1.csv,C2-sast,26903442016,7,877ea348a4cf1acd8ae53a5eaa647b5492ee286d,workflow_total,2026-06-03T18:02:43Z,2026-06-03T18:04:31Z,108,success,True,False,False,True
c2,2,C2 - SAST,sast,2,analysis/raw/c2/timing/c2_run_2.csv,C2-sast,26903442016,7,877ea348a4cf1acd8ae53a5eaa647b5492ee286d,docker_build,2026-06-03T18:52:26Z,2026-06-03T18:52:28Z,2,success,False,False,False,True
c2,2,C2 - SAST,sast,2,analysis/raw/c2/timing/c2_run_2.csv,C2-sast,26903442016,7,877ea348a4cf1acd8ae53a5eaa647b5492ee286d,install_dependencies,2026-06-03T18:52:10Z,2026-06-03T18:52:11Z,1,success,False,False,False,True
c2,2,C2 - SAST,sast,2,analysis/raw/c2/timing/c2_run_2.csv,C2-sast,26903442016,7,877ea348a4cf1acd8ae53a5eaa647b5492ee286d,kubernetes_deploy,2026-06-03T18:53:01Z,2026-06-03T18:53:35Z,34,success,False,False,True,True
c2,2,C2 - SAST,sast,2,analysis/raw/c2/timing/c2_run_2.csv,C2-sast,26903442016,7,877ea348a4cf1acd8ae53a5eaa647b5492ee286d,kubernetes_smoke_test,2026-06-03T18:53:35Z,2026-06-03T18:53:40Z,5,success,False,False,True,True
c2,2,C2 - SAST,sast,2,analysis/raw/c2/timing/c2_run_2.csv,C2-sast,26903442016,7,877ea348a4cf1acd8ae53a5eaa647b5492ee286d,sonarqube_sast,2026-06-03T18:52:12Z,2026-06-03T18:52:26Z,14,success,False,True,False,True
c2,2,C2 - SAST,sast,2,analysis/raw/c2/timing/c2_run_2.csv,C2-sast,26903442016,7,877ea348a4cf1acd8ae53a5eaa647b5492ee286d,unit_tests,2026-06-03T18:52:11Z,2026-06-03T18:52:12Z,1,success,False,False,False,True
c2,2,C2 - SAST,sast,2,analysis/raw/c2/timing/c2_run_2.csv,C2-sast,26903442016,7,877ea348a4cf1acd8ae53a5eaa647b5492ee286d,workflow_total,2026-06-03T18:52:10Z,2026-06-03T18:53:40Z,90,success,True,False,False,True
c2,2,C2 - SAST,sast,3,analysis/raw/c2/timing/c2_run_3.csv,C2-sast,26903442016,7,877ea348a4cf1acd8ae53a5eaa647b5492ee286d,docker_build,2026-06-03T19:00:11Z,2026-06-03T19:00:13Z,2,success,False,False,False,True
c2,2,C2 - SAST,sast,3,analysis/raw/c2/timing/c2_run_3.csv,C2-sast,26903442016,7,877ea348a4cf1acd8ae53a5eaa647b5492ee286d,install_dependencies,2026-06-03T18:59:58Z,2026-06-03T18:59:58Z,0,success,False,False,False,True
c2,2,C2 - SAST,sast,3,analysis/raw/c2/timing/c2_run_3.csv,C2-sast,26903442016,7,877ea348a4cf1acd8ae53a5eaa647b5492ee286d,kubernetes_deploy,2026-06-03T19:00:46Z,2026-06-03T19:01:20Z,34,success,False,False,True,True
c2,2,C2 - SAST,sast,3,analysis/raw/c2/timing/c2_run_3.csv,C2-sast,26903442016,7,877ea348a4cf1acd8ae53a5eaa647b5492ee286d,kubernetes_smoke_test,2026-06-03T19:01:20Z,2026-06-03T19:01:25Z,5,success,False,False,True,True
c2,2,C2 - SAST,sast,3,analysis/raw/c2/timing/c2_run_3.csv,C2-sast,26903442016,7,877ea348a4cf1acd8ae53a5eaa647b5492ee286d,sonarqube_sast,2026-06-03T18:59:59Z,2026-06-03T19:00:11Z,12,success,False,True,False,True
c2,2,C2 - SAST,sast,3,analysis/raw/c2/timing/c2_run_3.csv,C2-sast,26903442016,7,877ea348a4cf1acd8ae53a5eaa647b5492ee286d,unit_tests,2026-06-03T18:59:58Z,2026-06-03T18:59:59Z,1,success,False,False,False,True
c2,2,C2 - SAST,sast,3,analysis/raw/c2/timing/c2_run_3.csv,C2-sast,26903442016,7,877ea348a4cf1acd8ae53a5eaa647b5492ee286d,workflow_total,2026-06-03T18:59:57Z,2026-06-03T19:01:25Z,88,success,True,False,False,True
c2,2,C2 - SAST,sast,4,analysis/raw/c2/timing/c2_run_4.csv,C2-sast,26903442016,7,877ea348a4cf1acd8ae53a5eaa647b5492ee286d,docker_build,2026-06-03T19:04:14Z,2026-06-03T19:04:16Z,2,success,False,False,False,True
c2,2,C2 - SAST,sast,4,analysis/raw/c2/timing/c2_run_4.csv,C2-sast,26903442016,7,877ea348a4cf1acd8ae53a5eaa647b5492ee286d,install_dependencies,2026-06-03T19:04:02Z,2026-06-03T19:04:03Z,1,success,False,False,False,True
c2,2,C2 - SAST,sast,4,analysis/raw/c2/timing/c2_run_4.csv,C2-sast,26903442016,7,877ea348a4cf1acd8ae53a5eaa647b5492ee286d,kubernetes_deploy,2026-06-03T19:04:48Z,2026-06-03T19:05:16Z,28,success,False,False,True,True
c2,2,C2 - SAST,sast,4,analysis/raw/c2/timing/c2_run_4.csv,C2-sast,26903442016,7,877ea348a4cf1acd8ae53a5eaa647b5492ee286d,kubernetes_smoke_test,2026-06-03T19:05:16Z,2026-06-03T19:05:21Z,5,success,False,False,True,True
c2,2,C2 - SAST,sast,4,analysis/raw/c2/timing/c2_run_4.csv,C2-sast,26903442016,7,877ea348a4cf1acd8ae53a5eaa647b5492ee286d,sonarqube_sast,2026-06-03T19:04:04Z,2026-06-03T19:04:14Z,10,success,False,True,False,True
c2,2,C2 - SAST,sast,4,analysis/raw/c2/timing/c2_run_4.csv,C2-sast,26903442016,7,877ea348a4cf1acd8ae53a5eaa647b5492ee286d,unit_tests,2026-06-03T19:04:03Z,2026-06-03T19:04:04Z,1,success,False,False,False,True
c2,2,C2 - SAST,sast,4,analysis/raw/c2/timing/c2_run_4.csv,C2-sast,26903442016,7,877ea348a4cf1acd8ae53a5eaa647b5492ee286d,workflow_total,2026-06-03T19:04:02Z,2026-06-03T19:05:21Z,79,success,True,False,False,True
c2,2,C2 - SAST,sast,5,analysis/raw/c2/timing/c2_run_5.csv,C2-sast,26903442016,7,877ea348a4cf1acd8ae53a5eaa647b5492ee286d,docker_build,2026-06-03T19:07:45Z,2026-06-03T19:07:47Z,2,success,False,False,False,True
c2,2,C2 - SAST,sast,5,analysis/raw/c2/timing/c2_run_5.csv,C2-sast,26903442016,7,877ea348a4cf1acd8ae53a5eaa647b5492ee286d,install_dependencies,2026-06-03T19:07:33Z,2026-06-03T19:07:34Z,1,success,False,False,False,True
c2,2,C2 - SAST,sast,5,analysis/raw/c2/timing/c2_run_5.csv,C2-sast,26903442016,7,877ea348a4cf1acd8ae53a5eaa647b5492ee286d,kubernetes_deploy,2026-06-03T19:08:18Z,2026-06-03T19:08:55Z,37,success,False,False,True,True
c2,2,C2 - SAST,sast,5,analysis/raw/c2/timing/c2_run_5.csv,C2-sast,26903442016,7,877ea348a4cf1acd8ae53a5eaa647b5492ee286d,kubernetes_smoke_test,2026-06-03T19:08:55Z,2026-06-03T19:09:00Z,5,success,False,False,True,True
c2,2,C2 - SAST,sast,5,analysis/raw/c2/timing/c2_run_5.csv,C2-sast,26903442016,7,877ea348a4cf1acd8ae53a5eaa647b5492ee286d,sonarqube_sast,2026-06-03T19:07:35Z,2026-06-03T19:07:45Z,10,success,False,True,False,True
c2,2,C2 - SAST,sast,5,analysis/raw/c2/timing/c2_run_5.csv,C2-sast,26903442016,7,877ea348a4cf1acd8ae53a5eaa647b5492ee286d,unit_tests,2026-06-03T19:07:34Z,2026-06-03T19:07:35Z,1,success,False,False,False,True
c2,2,C2 - SAST,sast,5,analysis/raw/c2/timing/c2_run_5.csv,C2-sast,26903442016,7,877ea348a4cf1acd8ae53a5eaa647b5492ee286d,workflow_total,2026-06-03T19:07:33Z,2026-06-03T19:09:00Z,87,success,True,False,False,True
c3,3,C3 - SAST + SCA,sast_sca,1,analysis/raw/c3/timing/c3_run_1.csv,C3-sast-sca,26970627192,3,514ba44165c97f2eacb9e6d6dc5cadaa5ab007f5,docker_build,2026-06-04T18:13:11Z,2026-06-04T18:13:14Z,3,success,False,False,False,True
c3,3,C3 - SAST + SCA,sast_sca,1,analysis/raw/c3/timing/c3_run_1.csv,C3-sast-sca,26970627192,3,514ba44165c97f2eacb9e6d6dc5cadaa5ab007f5,install_dependencies,2026-06-04T18:12:43Z,2026-06-04T18:12:44Z,1,success,False,False,False,True
c3,3,C3 - SAST + SCA,sast_sca,1,analysis/raw/c3/timing/c3_run_1.csv,C3-sast-sca,26970627192,3,514ba44165c97f2eacb9e6d6dc5cadaa5ab007f5,kubernetes_deploy,2026-06-04T18:13:54Z,2026-06-04T18:14:34Z,40,success,False,False,True,True
c3,3,C3 - SAST + SCA,sast_sca,1,analysis/raw/c3/timing/c3_run_1.csv,C3-sast-sca,26970627192,3,514ba44165c97f2eacb9e6d6dc5cadaa5ab007f5,kubernetes_smoke_test,2026-06-04T18:14:34Z,2026-06-04T18:14:39Z,5,success,False,False,True,True
c3,3,C3 - SAST + SCA,sast_sca,1,analysis/raw/c3/timing/c3_run_1.csv,C3-sast-sca,26970627192,3,514ba44165c97f2eacb9e6d6dc5cadaa5ab007f5,sca_fs,2026-06-04T18:13:23Z,2026-06-04T18:13:23Z,0,success,False,True,False,True
c3,3,C3 - SAST + SCA,sast_sca,1,analysis/raw/c3/timing/c3_run_1.csv,C3-sast-sca,26970627192,3,514ba44165c97f2eacb9e6d6dc5cadaa5ab007f5,sca_image,2026-06-04T18:13:23Z,2026-06-04T18:13:23Z,0,success,False,True,False,True
c3,3,C3 - SAST + SCA,sast_sca,1,analysis/raw/c3/timing/c3_run_1.csv,C3-sast-sca,26970627192,3,514ba44165c97f2eacb9e6d6dc5cadaa5ab007f5,sca_total,2026-06-04T18:13:23Z,2026-06-04T18:13:24Z,1,success,False,True,False,True
c3,3,C3 - SAST + SCA,sast_sca,1,analysis/raw/c3/timing/c3_run_1.csv,C3-sast-sca,26970627192,3,514ba44165c97f2eacb9e6d6dc5cadaa5ab007f5,sonarqube_sast,2026-06-04T18:12:45Z,2026-06-04T18:13:11Z,26,success,False,True,False,True
c3,3,C3 - SAST + SCA,sast_sca,1,analysis/raw/c3/timing/c3_run_1.csv,C3-sast-sca,26970627192,3,514ba44165c97f2eacb9e6d6dc5cadaa5ab007f5,unit_tests,2026-06-04T18:12:44Z,2026-06-04T18:12:45Z,1,success,False,False,False,True
c3,3,C3 - SAST + SCA,sast_sca,1,analysis/raw/c3/timing/c3_run_1.csv,C3-sast-sca,26970627192,3,514ba44165c97f2eacb9e6d6dc5cadaa5ab007f5,workflow_total,2026-06-04T18:12:43Z,2026-06-04T18:14:39Z,116,success,True,False,False,True
c3,3,C3 - SAST + SCA,sast_sca,2,analysis/raw/c3/timing/c3_run_2.csv,C3-sast-sca,26970627192,3,514ba44165c97f2eacb9e6d6dc5cadaa5ab007f5,docker_build,2026-06-04T18:27:56Z,2026-06-04T18:27:58Z,2,success,False,False,False,True
c3,3,C3 - SAST + SCA,sast_sca,2,analysis/raw/c3/timing/c3_run_2.csv,C3-sast-sca,26970627192,3,514ba44165c97f2eacb9e6d6dc5cadaa5ab007f5,install_dependencies,2026-06-04T18:27:41Z,2026-06-04T18:27:41Z,0,success,False,False,False,True
c3,3,C3 - SAST + SCA,sast_sca,2,analysis/raw/c3/timing/c3_run_2.csv,C3-sast-sca,26970627192,3,514ba44165c97f2eacb9e6d6dc5cadaa5ab007f5,kubernetes_deploy,2026-06-04T18:28:53Z,2026-06-04T18:29:22Z,29,success,False,False,True,True
c3,3,C3 - SAST + SCA,sast_sca,2,analysis/raw/c3/timing/c3_run_2.csv,C3-sast-sca,26970627192,3,514ba44165c97f2eacb9e6d6dc5cadaa5ab007f5,kubernetes_smoke_test,2026-06-04T18:29:22Z,2026-06-04T18:29:27Z,5,success,False,False,True,True
c3,3,C3 - SAST + SCA,sast_sca,2,analysis/raw/c3/timing/c3_run_2.csv,C3-sast-sca,26970627192,3,514ba44165c97f2eacb9e6d6dc5cadaa5ab007f5,sca_fs,2026-06-04T18:28:07Z,2026-06-04T18:28:07Z,0,success,False,True,False,True
c3,3,C3 - SAST + SCA,sast_sca,2,analysis/raw/c3/timing/c3_run_2.csv,C3-sast-sca,26970627192,3,514ba44165c97f2eacb9e6d6dc5cadaa5ab007f5,sca_image,2026-06-04T18:28:07Z,2026-06-04T18:28:07Z,0,success,False,True,False,True
c3,3,C3 - SAST + SCA,sast_sca,2,analysis/raw/c3/timing/c3_run_2.csv,C3-sast-sca,26970627192,3,514ba44165c97f2eacb9e6d6dc5cadaa5ab007f5,sca_total,2026-06-04T18:28:07Z,2026-06-04T18:28:07Z,0,success,False,True,False,True
c3,3,C3 - SAST + SCA,sast_sca,2,analysis/raw/c3/timing/c3_run_2.csv,C3-sast-sca,26970627192,3,514ba44165c97f2eacb9e6d6dc5cadaa5ab007f5,sonarqube_sast,2026-06-04T18:27:43Z,2026-06-04T18:27:56Z,13,success,False,True,False,True
c3,3,C3 - SAST + SCA,sast_sca,2,analysis/raw/c3/timing/c3_run_2.csv,C3-sast-sca,26970627192,3,514ba44165c97f2eacb9e6d6dc5cadaa5ab007f5,unit_tests,2026-06-04T18:27:41Z,2026-06-04T18:27:43Z,2,success,False,False,False,True
c3,3,C3 - SAST + SCA,sast_sca,2,analysis/raw/c3/timing/c3_run_2.csv,C3-sast-sca,26970627192,3,514ba44165c97f2eacb9e6d6dc5cadaa5ab007f5,workflow_total,2026-06-04T18:27:40Z,2026-06-04T18:29:27Z,107,success,True,False,False,True
c3,3,C3 - SAST + SCA,sast_sca,3,analysis/raw/c3/timing/c3_run_3.csv,C3-sast-sca,26970627192,3,514ba44165c97f2eacb9e6d6dc5cadaa5ab007f5,docker_build,2026-06-04T18:45:37Z,2026-06-04T18:45:40Z,3,success,False,False,False,True
c3,3,C3 - SAST + SCA,sast_sca,3,analysis/raw/c3/timing/c3_run_3.csv,C3-sast-sca,26970627192,3,514ba44165c97f2eacb9e6d6dc5cadaa5ab007f5,install_dependencies,2026-06-04T18:44:59Z,2026-06-04T18:45:00Z,1,success,False,False,False,True
c3,3,C3 - SAST + SCA,sast_sca,3,analysis/raw/c3/timing/c3_run_3.csv,C3-sast-sca,26970627192,3,514ba44165c97f2eacb9e6d6dc5cadaa5ab007f5,kubernetes_deploy,2026-06-04T18:46:40Z,2026-06-04T18:47:23Z,43,success,False,False,True,True
c3,3,C3 - SAST + SCA,sast_sca,3,analysis/raw/c3/timing/c3_run_3.csv,C3-sast-sca,26970627192,3,514ba44165c97f2eacb9e6d6dc5cadaa5ab007f5,kubernetes_smoke_test,2026-06-04T18:47:23Z,2026-06-04T18:47:28Z,5,success,False,False,True,True
c3,3,C3 - SAST + SCA,sast_sca,3,analysis/raw/c3/timing/c3_run_3.csv,C3-sast-sca,26970627192,3,514ba44165c97f2eacb9e6d6dc5cadaa5ab007f5,sca_fs,2026-06-04T18:45:52Z,2026-06-04T18:45:52Z,0,success,False,True,False,True
c3,3,C3 - SAST + SCA,sast_sca,3,analysis/raw/c3/timing/c3_run_3.csv,C3-sast-sca,26970627192,3,514ba44165c97f2eacb9e6d6dc5cadaa5ab007f5,sca_image,2026-06-04T18:45:52Z,2026-06-04T18:45:53Z,1,success,False,True,False,True
c3,3,C3 - SAST + SCA,sast_sca,3,analysis/raw/c3/timing/c3_run_3.csv,C3-sast-sca,26970627192,3,514ba44165c97f2eacb9e6d6dc5cadaa5ab007f5,sca_total,2026-06-04T18:45:52Z,2026-06-04T18:45:53Z,1,success,False,True,False,True
c3,3,C3 - SAST + SCA,sast_sca,3,analysis/raw/c3/timing/c3_run_3.csv,C3-sast-sca,26970627192,3,514ba44165c97f2eacb9e6d6dc5cadaa5ab007f5,sonarqube_sast,2026-06-04T18:45:03Z,2026-06-04T18:45:36Z,33,success,False,True,False,True
c3,3,C3 - SAST + SCA,sast_sca,3,analysis/raw/c3/timing/c3_run_3.csv,C3-sast-sca,26970627192,3,514ba44165c97f2eacb9e6d6dc5cadaa5ab007f5,unit_tests,2026-06-04T18:45:00Z,2026-06-04T18:45:03Z,3,success,False,False,False,True
c3,3,C3 - SAST + SCA,sast_sca,3,analysis/raw/c3/timing/c3_run_3.csv,C3-sast-sca,26970627192,3,514ba44165c97f2eacb9e6d6dc5cadaa5ab007f5,workflow_total,2026-06-04T18:44:59Z,2026-06-04T18:47:28Z,149,success,True,False,False,True
c3,3,C3 - SAST + SCA,sast_sca,4,analysis/raw/c3/timing/c3_run_4.csv,C3-sast-sca,26970627192,3,514ba44165c97f2eacb9e6d6dc5cadaa5ab007f5,docker_build,2026-06-04T18:51:57Z,2026-06-04T18:52:03Z,6,success,False,False,False,True
c3,3,C3 - SAST + SCA,sast_sca,4,analysis/raw/c3/timing/c3_run_4.csv,C3-sast-sca,26970627192,3,514ba44165c97f2eacb9e6d6dc5cadaa5ab007f5,install_dependencies,2026-06-04T18:51:38Z,2026-06-04T18:51:38Z,0,success,False,False,False,True
c3,3,C3 - SAST + SCA,sast_sca,4,analysis/raw/c3/timing/c3_run_4.csv,C3-sast-sca,26970627192,3,514ba44165c97f2eacb9e6d6dc5cadaa5ab007f5,kubernetes_deploy,2026-06-04T18:52:59Z,2026-06-04T18:53:45Z,46,success,False,False,True,True
c3,3,C3 - SAST + SCA,sast_sca,4,analysis/raw/c3/timing/c3_run_4.csv,C3-sast-sca,26970627192,3,514ba44165c97f2eacb9e6d6dc5cadaa5ab007f5,kubernetes_smoke_test,2026-06-04T18:53:45Z,2026-06-04T18:53:50Z,5,success,False,False,True,True
c3,3,C3 - SAST + SCA,sast_sca,4,analysis/raw/c3/timing/c3_run_4.csv,C3-sast-sca,26970627192,3,514ba44165c97f2eacb9e6d6dc5cadaa5ab007f5,sca_fs,2026-06-04T18:52:13Z,2026-06-04T18:52:13Z,0,success,False,True,False,True
c3,3,C3 - SAST + SCA,sast_sca,4,analysis/raw/c3/timing/c3_run_4.csv,C3-sast-sca,26970627192,3,514ba44165c97f2eacb9e6d6dc5cadaa5ab007f5,sca_image,2026-06-04T18:52:13Z,2026-06-04T18:52:14Z,1,success,False,True,False,True
c3,3,C3 - SAST + SCA,sast_sca,4,analysis/raw/c3/timing/c3_run_4.csv,C3-sast-sca,26970627192,3,514ba44165c97f2eacb9e6d6dc5cadaa5ab007f5,sca_total,2026-06-04T18:52:13Z,2026-06-04T18:52:14Z,1,success,False,True,False,True
c3,3,C3 - SAST + SCA,sast_sca,4,analysis/raw/c3/timing/c3_run_4.csv,C3-sast-sca,26970627192,3,514ba44165c97f2eacb9e6d6dc5cadaa5ab007f5,sonarqube_sast,2026-06-04T18:51:40Z,2026-06-04T18:51:56Z,16,success,False,True,False,True
c3,3,C3 - SAST + SCA,sast_sca,4,analysis/raw/c3/timing/c3_run_4.csv,C3-sast-sca,26970627192,3,514ba44165c97f2eacb9e6d6dc5cadaa5ab007f5,unit_tests,2026-06-04T18:51:38Z,2026-06-04T18:51:40Z,2,success,False,False,False,True
c3,3,C3 - SAST + SCA,sast_sca,4,analysis/raw/c3/timing/c3_run_4.csv,C3-sast-sca,26970627192,3,514ba44165c97f2eacb9e6d6dc5cadaa5ab007f5,workflow_total,2026-06-04T18:51:38Z,2026-06-04T18:53:50Z,132,success,True,False,False,True
c3,3,C3 - SAST + SCA,sast_sca,5,analysis/raw/c3/timing/c3_run_5.csv,C3-sast-sca,26970627192,3,514ba44165c97f2eacb9e6d6dc5cadaa5ab007f5,docker_build,2026-06-04T19:02:31Z,2026-06-04T19:02:34Z,3,success,False,False,False,True
c3,3,C3 - SAST + SCA,sast_sca,5,analysis/raw/c3/timing/c3_run_5.csv,C3-sast-sca,26970627192,3,514ba44165c97f2eacb9e6d6dc5cadaa5ab007f5,install_dependencies,2026-06-04T19:02:15Z,2026-06-04T19:02:16Z,1,success,False,False,False,True
c3,3,C3 - SAST + SCA,sast_sca,5,analysis/raw/c3/timing/c3_run_5.csv,C3-sast-sca,26970627192,3,514ba44165c97f2eacb9e6d6dc5cadaa5ab007f5,kubernetes_deploy,2026-06-04T19:03:40Z,2026-06-04T19:04:17Z,37,success,False,False,True,True
c3,3,C3 - SAST + SCA,sast_sca,5,analysis/raw/c3/timing/c3_run_5.csv,C3-sast-sca,26970627192,3,514ba44165c97f2eacb9e6d6dc5cadaa5ab007f5,kubernetes_smoke_test,2026-06-04T19:04:17Z,2026-06-04T19:04:22Z,5,success,False,False,True,True
c3,3,C3 - SAST + SCA,sast_sca,5,analysis/raw/c3/timing/c3_run_5.csv,C3-sast-sca,26970627192,3,514ba44165c97f2eacb9e6d6dc5cadaa5ab007f5,sca_fs,2026-06-04T19:02:43Z,2026-06-04T19:02:43Z,0,success,False,True,False,True
c3,3,C3 - SAST + SCA,sast_sca,5,analysis/raw/c3/timing/c3_run_5.csv,C3-sast-sca,26970627192,3,514ba44165c97f2eacb9e6d6dc5cadaa5ab007f5,sca_image,2026-06-04T19:02:43Z,2026-06-04T19:02:43Z,0,success,False,True,False,True
c3,3,C3 - SAST + SCA,sast_sca,5,analysis/raw/c3/timing/c3_run_5.csv,C3-sast-sca,26970627192,3,514ba44165c97f2eacb9e6d6dc5cadaa5ab007f5,sca_total,2026-06-04T19:02:43Z,2026-06-04T19:02:43Z,0,success,False,True,False,True
c3,3,C3 - SAST + SCA,sast_sca,5,analysis/raw/c3/timing/c3_run_5.csv,C3-sast-sca,26970627192,3,514ba44165c97f2eacb9e6d6dc5cadaa5ab007f5,sonarqube_sast,2026-06-04T19:02:17Z,2026-06-04T19:02:31Z,14,success,False,True,False,True
c3,3,C3 - SAST + SCA,sast_sca,5,analysis/raw/c3/timing/c3_run_5.csv,C3-sast-sca,26970627192,3,514ba44165c97f2eacb9e6d6dc5cadaa5ab007f5,unit_tests,2026-06-04T19:02:16Z,2026-06-04T19:02:17Z,1,success,False,False,False,True
c3,3,C3 - SAST + SCA,sast_sca,5,analysis/raw/c3/timing/c3_run_5.csv,C3-sast-sca,26970627192,3,514ba44165c97f2eacb9e6d6dc5cadaa5ab007f5,workflow_total,2026-06-04T19:02:15Z,2026-06-04T19:04:22Z,127,success,True,False,False,True
c4,4,C4 - SAST + SCA + DAST,sast_sca_dast,1,analysis/raw/c4/timing/c4_run_1.csv,C4-sast-sca-dast,27032348361,2,a324e89326fddb6405018d1d39edf41d3480581d,dast_health_check,2026-06-05T18:57:09Z,2026-06-05T18:57:09Z,0,success,False,True,False,True
c4,4,C4 - SAST + SCA + DAST,sast_sca_dast,1,analysis/raw/c4/timing/c4_run_1.csv,C4-sast-sca-dast,27032348361,2,a324e89326fddb6405018d1d39edf41d3480581d,dast_zap_baseline,2026-06-05T18:57:09Z,2026-06-05T19:00:26Z,197,success,False,True,False,True
c4,4,C4 - SAST + SCA + DAST,sast_sca_dast,1,analysis/raw/c4/timing/c4_run_1.csv,C4-sast-sca-dast,27032348361,2,a324e89326fddb6405018d1d39edf41d3480581d,docker_build,2026-06-05T18:55:32Z,2026-06-05T18:55:36Z,4,success,False,False,False,True
c4,4,C4 - SAST + SCA + DAST,sast_sca_dast,1,analysis/raw/c4/timing/c4_run_1.csv,C4-sast-sca-dast,27032348361,2,a324e89326fddb6405018d1d39edf41d3480581d,install_dependencies,2026-06-05T18:55:17Z,2026-06-05T18:55:18Z,1,success,False,False,False,True
c4,4,C4 - SAST + SCA + DAST,sast_sca_dast,1,analysis/raw/c4/timing/c4_run_1.csv,C4-sast-sca-dast,27032348361,2,a324e89326fddb6405018d1d39edf41d3480581d,kubernetes_deploy,2026-06-05T18:56:26Z,2026-06-05T18:56:59Z,33,success,False,False,True,True
c4,4,C4 - SAST + SCA + DAST,sast_sca_dast,1,analysis/raw/c4/timing/c4_run_1.csv,C4-sast-sca-dast,27032348361,2,a324e89326fddb6405018d1d39edf41d3480581d,kubernetes_smoke_test,2026-06-05T18:56:59Z,2026-06-05T18:57:04Z,5,success,False,False,True,True
c4,4,C4 - SAST + SCA + DAST,sast_sca_dast,1,analysis/raw/c4/timing/c4_run_1.csv,C4-sast-sca-dast,27032348361,2,a324e89326fddb6405018d1d39edf41d3480581d,sca_fs,2026-06-05T18:55:45Z,2026-06-05T18:55:45Z,0,success,False,True,False,True
c4,4,C4 - SAST + SCA + DAST,sast_sca_dast,1,analysis/raw/c4/timing/c4_run_1.csv,C4-sast-sca-dast,27032348361,2,a324e89326fddb6405018d1d39edf41d3480581d,sca_image,2026-06-05T18:55:45Z,2026-06-05T18:55:45Z,0,success,False,True,False,True
c4,4,C4 - SAST + SCA + DAST,sast_sca_dast,1,analysis/raw/c4/timing/c4_run_1.csv,C4-sast-sca-dast,27032348361,2,a324e89326fddb6405018d1d39edf41d3480581d,sca_total,2026-06-05T18:55:45Z,2026-06-05T18:55:46Z,1,success,False,True,False,True
c4,4,C4 - SAST + SCA + DAST,sast_sca_dast,1,analysis/raw/c4/timing/c4_run_1.csv,C4-sast-sca-dast,27032348361,2,a324e89326fddb6405018d1d39edf41d3480581d,sonarqube_sast,2026-06-05T18:55:19Z,2026-06-05T18:55:32Z,13,success,False,True,False,True
c4,4,C4 - SAST + SCA + DAST,sast_sca_dast,1,analysis/raw/c4/timing/c4_run_1.csv,C4-sast-sca-dast,27032348361,2,a324e89326fddb6405018d1d39edf41d3480581d,unit_tests,2026-06-05T18:55:18Z,2026-06-05T18:55:19Z,1,success,False,False,False,True
c4,4,C4 - SAST + SCA + DAST,sast_sca_dast,1,analysis/raw/c4/timing/c4_run_1.csv,C4-sast-sca-dast,27032348361,2,a324e89326fddb6405018d1d39edf41d3480581d,workflow_total,2026-06-05T18:55:17Z,2026-06-05T19:00:26Z,309,success,True,False,False,True
c4,4,C4 - SAST + SCA + DAST,sast_sca_dast,2,analysis/raw/c4/timing/c4_run_2.csv,C4-sast-sca-dast,27032348361,2,a324e89326fddb6405018d1d39edf41d3480581d,dast_health_check,2026-06-05T20:03:25Z,2026-06-05T20:03:25Z,0,success,False,True,False,True
c4,4,C4 - SAST + SCA + DAST,sast_sca_dast,2,analysis/raw/c4/timing/c4_run_2.csv,C4-sast-sca-dast,27032348361,2,a324e89326fddb6405018d1d39edf41d3480581d,dast_zap_baseline,2026-06-05T20:03:25Z,2026-06-05T20:04:18Z,53,success,False,True,False,True
c4,4,C4 - SAST + SCA + DAST,sast_sca_dast,2,analysis/raw/c4/timing/c4_run_2.csv,C4-sast-sca-dast,27032348361,2,a324e89326fddb6405018d1d39edf41d3480581d,docker_build,2026-06-05T20:01:08Z,2026-06-05T20:01:12Z,4,success,False,False,False,True
c4,4,C4 - SAST + SCA + DAST,sast_sca_dast,2,analysis/raw/c4/timing/c4_run_2.csv,C4-sast-sca-dast,27032348361,2,a324e89326fddb6405018d1d39edf41d3480581d,install_dependencies,2026-06-05T20:00:51Z,2026-06-05T20:00:52Z,1,success,False,False,False,True
c4,4,C4 - SAST + SCA + DAST,sast_sca_dast,2,analysis/raw/c4/timing/c4_run_2.csv,C4-sast-sca-dast,27032348361,2,a324e89326fddb6405018d1d39edf41d3480581d,kubernetes_deploy,2026-06-05T20:01:59Z,2026-06-05T20:03:14Z,75,success,False,False,True,True
c4,4,C4 - SAST + SCA + DAST,sast_sca_dast,2,analysis/raw/c4/timing/c4_run_2.csv,C4-sast-sca-dast,27032348361,2,a324e89326fddb6405018d1d39edf41d3480581d,kubernetes_smoke_test,2026-06-05T20:03:14Z,2026-06-05T20:03:19Z,5,success,False,False,True,True
c4,4,C4 - SAST + SCA + DAST,sast_sca_dast,2,analysis/raw/c4/timing/c4_run_2.csv,C4-sast-sca-dast,27032348361,2,a324e89326fddb6405018d1d39edf41d3480581d,sca_fs,2026-06-05T20:01:20Z,2026-06-05T20:01:20Z,0,success,False,True,False,True
c4,4,C4 - SAST + SCA + DAST,sast_sca_dast,2,analysis/raw/c4/timing/c4_run_2.csv,C4-sast-sca-dast,27032348361,2,a324e89326fddb6405018d1d39edf41d3480581d,sca_image,2026-06-05T20:01:20Z,2026-06-05T20:01:20Z,0,success,False,True,False,True
c4,4,C4 - SAST + SCA + DAST,sast_sca_dast,2,analysis/raw/c4/timing/c4_run_2.csv,C4-sast-sca-dast,27032348361,2,a324e89326fddb6405018d1d39edf41d3480581d,sca_total,2026-06-05T20:01:20Z,2026-06-05T20:01:20Z,0,success,False,True,False,True
c4,4,C4 - SAST + SCA + DAST,sast_sca_dast,2,analysis/raw/c4/timing/c4_run_2.csv,C4-sast-sca-dast,27032348361,2,a324e89326fddb6405018d1d39edf41d3480581d,sonarqube_sast,2026-06-05T20:00:53Z,2026-06-05T20:01:08Z,15,success,False,True,False,True
c4,4,C4 - SAST + SCA + DAST,sast_sca_dast,2,analysis/raw/c4/timing/c4_run_2.csv,C4-sast-sca-dast,27032348361,2,a324e89326fddb6405018d1d39edf41d3480581d,unit_tests,2026-06-05T20:00:52Z,2026-06-05T20:00:53Z,1,success,False,False,False,True
c4,4,C4 - SAST + SCA + DAST,sast_sca_dast,2,analysis/raw/c4/timing/c4_run_2.csv,C4-sast-sca-dast,27032348361,2,a324e89326fddb6405018d1d39edf41d3480581d,workflow_total,2026-06-05T20:00:51Z,2026-06-05T20:04:18Z,207,success,True,False,False,True
c4,4,C4 - SAST + SCA + DAST,sast_sca_dast,3,analysis/raw/c4/timing/c4_run_3.csv,C4-sast-sca-dast,27032348361,2,a324e89326fddb6405018d1d39edf41d3480581d,dast_health_check,2026-06-05T22:14:37Z,2026-06-05T22:14:37Z,0,success,False,True,False,True
c4,4,C4 - SAST + SCA + DAST,sast_sca_dast,3,analysis/raw/c4/timing/c4_run_3.csv,C4-sast-sca-dast,27032348361,2,a324e89326fddb6405018d1d39edf41d3480581d,dast_zap_baseline,2026-06-05T22:14:37Z,2026-06-05T22:15:50Z,73,success,False,True,False,True
c4,4,C4 - SAST + SCA + DAST,sast_sca_dast,3,analysis/raw/c4/timing/c4_run_3.csv,C4-sast-sca-dast,27032348361,2,a324e89326fddb6405018d1d39edf41d3480581d,docker_build,2026-06-05T22:12:00Z,2026-06-05T22:12:05Z,5,success,False,False,False,True
c4,4,C4 - SAST + SCA + DAST,sast_sca_dast,3,analysis/raw/c4/timing/c4_run_3.csv,C4-sast-sca-dast,27032348361,2,a324e89326fddb6405018d1d39edf41d3480581d,install_dependencies,2026-06-05T22:11:23Z,2026-06-05T22:11:25Z,2,success,False,False,False,True
c4,4,C4 - SAST + SCA + DAST,sast_sca_dast,3,analysis/raw/c4/timing/c4_run_3.csv,C4-sast-sca-dast,27032348361,2,a324e89326fddb6405018d1d39edf41d3480581d,kubernetes_deploy,2026-06-05T22:13:35Z,2026-06-05T22:14:25Z,50,success,False,False,True,True
c4,4,C4 - SAST + SCA + DAST,sast_sca_dast,3,analysis/raw/c4/timing/c4_run_3.csv,C4-sast-sca-dast,27032348361,2,a324e89326fddb6405018d1d39edf41d3480581d,kubernetes_smoke_test,2026-06-05T22:14:26Z,2026-06-05T22:14:32Z,6,success,False,False,True,True
c4,4,C4 - SAST + SCA + DAST,sast_sca_dast,3,analysis/raw/c4/timing/c4_run_3.csv,C4-sast-sca-dast,27032348361,2,a324e89326fddb6405018d1d39edf41d3480581d,sca_fs,2026-06-05T22:12:15Z,2026-06-05T22:12:15Z,0,success,False,True,False,True
c4,4,C4 - SAST + SCA + DAST,sast_sca_dast,3,analysis/raw/c4/timing/c4_run_3.csv,C4-sast-sca-dast,27032348361,2,a324e89326fddb6405018d1d39edf41d3480581d,sca_image,2026-06-05T22:12:15Z,2026-06-05T22:12:15Z,0,success,False,True,False,True
c4,4,C4 - SAST + SCA + DAST,sast_sca_dast,3,analysis/raw/c4/timing/c4_run_3.csv,C4-sast-sca-dast,27032348361,2,a324e89326fddb6405018d1d39edf41d3480581d,sca_total,2026-06-05T22:12:15Z,2026-06-05T22:12:16Z,1,success,False,True,False,True
c4,4,C4 - SAST + SCA + DAST,sast_sca_dast,3,analysis/raw/c4/timing/c4_run_3.csv,C4-sast-sca-dast,27032348361,2,a324e89326fddb6405018d1d39edf41d3480581d,sonarqube_sast,2026-06-05T22:11:26Z,2026-06-05T22:12:00Z,34,success,False,True,False,True
c4,4,C4 - SAST + SCA + DAST,sast_sca_dast,3,analysis/raw/c4/timing/c4_run_3.csv,C4-sast-sca-dast,27032348361,2,a324e89326fddb6405018d1d39edf41d3480581d,unit_tests,2026-06-05T22:11:25Z,2026-06-05T22:11:26Z,1,success,False,False,False,True
c4,4,C4 - SAST + SCA + DAST,sast_sca_dast,3,analysis/raw/c4/timing/c4_run_3.csv,C4-sast-sca-dast,27032348361,2,a324e89326fddb6405018d1d39edf41d3480581d,workflow_total,2026-06-05T22:11:23Z,2026-06-05T22:15:51Z,268,success,True,False,False,True
c4,4,C4 - SAST + SCA + DAST,sast_sca_dast,4,analysis/raw/c4/timing/c4_run_4.csv,C4-sast-sca-dast,27032348361,2,a324e89326fddb6405018d1d39edf41d3480581d,dast_health_check,2026-06-05T22:22:45Z,2026-06-05T22:22:45Z,0,success,False,True,False,True
c4,4,C4 - SAST + SCA + DAST,sast_sca_dast,4,analysis/raw/c4/timing/c4_run_4.csv,C4-sast-sca-dast,27032348361,2,a324e89326fddb6405018d1d39edf41d3480581d,dast_zap_baseline,2026-06-05T22:22:45Z,2026-06-05T22:23:49Z,64,success,False,True,False,True
c4,4,C4 - SAST + SCA + DAST,sast_sca_dast,4,analysis/raw/c4/timing/c4_run_4.csv,C4-sast-sca-dast,27032348361,2,a324e89326fddb6405018d1d39edf41d3480581d,docker_build,2026-06-05T22:21:05Z,2026-06-05T22:21:08Z,3,success,False,False,False,True
c4,4,C4 - SAST + SCA + DAST,sast_sca_dast,4,analysis/raw/c4/timing/c4_run_4.csv,C4-sast-sca-dast,27032348361,2,a324e89326fddb6405018d1d39edf41d3480581d,install_dependencies,2026-06-05T22:20:32Z,2026-06-05T22:20:33Z,1,success,False,False,False,True
c4,4,C4 - SAST + SCA + DAST,sast_sca_dast,4,analysis/raw/c4/timing/c4_run_4.csv,C4-sast-sca-dast,27032348361,2,a324e89326fddb6405018d1d39edf41d3480581d,kubernetes_deploy,2026-06-05T22:21:52Z,2026-06-05T22:22:35Z,43,success,False,False,True,True
c4,4,C4 - SAST + SCA + DAST,sast_sca_dast,4,analysis/raw/c4/timing/c4_run_4.csv,C4-sast-sca-dast,27032348361,2,a324e89326fddb6405018d1d39edf41d3480581d,kubernetes_smoke_test,2026-06-05T22:22:35Z,2026-06-05T22:22:40Z,5,success,False,False,True,True
c4,4,C4 - SAST + SCA + DAST,sast_sca_dast,4,analysis/raw/c4/timing/c4_run_4.csv,C4-sast-sca-dast,27032348361,2,a324e89326fddb6405018d1d39edf41d3480581d,sca_fs,2026-06-05T22:21:16Z,2026-06-05T22:21:17Z,1,success,False,True,False,True
c4,4,C4 - SAST + SCA + DAST,sast_sca_dast,4,analysis/raw/c4/timing/c4_run_4.csv,C4-sast-sca-dast,27032348361,2,a324e89326fddb6405018d1d39edf41d3480581d,sca_image,2026-06-05T22:21:17Z,2026-06-05T22:21:17Z,0,success,False,True,False,True
c4,4,C4 - SAST + SCA + DAST,sast_sca_dast,4,analysis/raw/c4/timing/c4_run_4.csv,C4-sast-sca-dast,27032348361,2,a324e89326fddb6405018d1d39edf41d3480581d,sca_total,2026-06-05T22:21:16Z,2026-06-05T22:21:17Z,1,success,False,True,False,True
c4,4,C4 - SAST + SCA + DAST,sast_sca_dast,4,analysis/raw/c4/timing/c4_run_4.csv,C4-sast-sca-dast,27032348361,2,a324e89326fddb6405018d1d39edf41d3480581d,sonarqube_sast,2026-06-05T22:20:34Z,2026-06-05T22:21:05Z,31,success,False,True,False,True
c4,4,C4 - SAST + SCA + DAST,sast_sca_dast,4,analysis/raw/c4/timing/c4_run_4.csv,C4-sast-sca-dast,27032348361,2,a324e89326fddb6405018d1d39edf41d3480581d,unit_tests,2026-06-05T22:20:33Z,2026-06-05T22:20:34Z,1,success,False,False,False,True
c4,4,C4 - SAST + SCA + DAST,sast_sca_dast,4,analysis/raw/c4/timing/c4_run_4.csv,C4-sast-sca-dast,27032348361,2,a324e89326fddb6405018d1d39edf41d3480581d,workflow_total,2026-06-05T22:20:32Z,2026-06-05T22:23:49Z,197,success,True,False,False,True
c4,4,C4 - SAST + SCA + DAST,sast_sca_dast,5,analysis/raw/c4/timing/c4_run_5.csv,C4-sast-sca-dast,27032348361,2,a324e89326fddb6405018d1d39edf41d3480581d,dast_health_check,2026-06-05T22:41:11Z,2026-06-05T22:41:11Z,0,success,False,True,False,True
c4,4,C4 - SAST + SCA + DAST,sast_sca_dast,5,analysis/raw/c4/timing/c4_run_5.csv,C4-sast-sca-dast,27032348361,2,a324e89326fddb6405018d1d39edf41d3480581d,dast_zap_baseline,2026-06-05T22:41:11Z,2026-06-05T22:42:14Z,63,success,False,True,False,True
c4,4,C4 - SAST + SCA + DAST,sast_sca_dast,5,analysis/raw/c4/timing/c4_run_5.csv,C4-sast-sca-dast,27032348361,2,a324e89326fddb6405018d1d39edf41d3480581d,docker_build,2026-06-05T22:39:27Z,2026-06-05T22:39:33Z,6,success,False,False,False,True
c4,4,C4 - SAST + SCA + DAST,sast_sca_dast,5,analysis/raw/c4/timing/c4_run_5.csv,C4-sast-sca-dast,27032348361,2,a324e89326fddb6405018d1d39edf41d3480581d,install_dependencies,2026-06-05T22:38:53Z,2026-06-05T22:38:54Z,1,success,False,False,False,True
c4,4,C4 - SAST + SCA + DAST,sast_sca_dast,5,analysis/raw/c4/timing/c4_run_5.csv,C4-sast-sca-dast,27032348361,2,a324e89326fddb6405018d1d39edf41d3480581d,kubernetes_deploy,2026-06-05T22:40:20Z,2026-06-05T22:41:01Z,41,success,False,False,True,True
c4,4,C4 - SAST + SCA + DAST,sast_sca_dast,5,analysis/raw/c4/timing/c4_run_5.csv,C4-sast-sca-dast,27032348361,2,a324e89326fddb6405018d1d39edf41d3480581d,kubernetes_smoke_test,2026-06-05T22:41:01Z,2026-06-05T22:41:06Z,5,success,False,False,True,True
c4,4,C4 - SAST + SCA + DAST,sast_sca_dast,5,analysis/raw/c4/timing/c4_run_5.csv,C4-sast-sca-dast,27032348361,2,a324e89326fddb6405018d1d39edf41d3480581d,sca_fs,2026-06-05T22:39:42Z,2026-06-05T22:39:42Z,0,success,False,True,False,True
c4,4,C4 - SAST + SCA + DAST,sast_sca_dast,5,analysis/raw/c4/timing/c4_run_5.csv,C4-sast-sca-dast,27032348361,2,a324e89326fddb6405018d1d39edf41d3480581d,sca_image,2026-06-05T22:39:42Z,2026-06-05T22:39:43Z,1,success,False,True,False,True
c4,4,C4 - SAST + SCA + DAST,sast_sca_dast,5,analysis/raw/c4/timing/c4_run_5.csv,C4-sast-sca-dast,27032348361,2,a324e89326fddb6405018d1d39edf41d3480581d,sca_total,2026-06-05T22:39:42Z,2026-06-05T22:39:43Z,1,success,False,True,False,True
c4,4,C4 - SAST + SCA + DAST,sast_sca_dast,5,analysis/raw/c4/timing/c4_run_5.csv,C4-sast-sca-dast,27032348361,2,a324e89326fddb6405018d1d39edf41d3480581d,sonarqube_sast,2026-06-05T22:38:56Z,2026-06-05T22:39:27Z,31,success,False,True,False,True
c4,4,C4 - SAST + SCA + DAST,sast_sca_dast,5,analysis/raw/c4/timing/c4_run_5.csv,C4-sast-sca-dast,27032348361,2,a324e89326fddb6405018d1d39edf41d3480581d,unit_tests,2026-06-05T22:38:54Z,2026-06-05T22:38:56Z,2,success,False,False,False,True
c4,4,C4 - SAST + SCA + DAST,sast_sca_dast,5,analysis/raw/c4/timing/c4_run_5.csv,C4-sast-sca-dast,27032348361,2,a324e89326fddb6405018d1d39edf41d3480581d,workflow_total,2026-06-05T22:38:53Z,2026-06-05T22:42:15Z,202,success,True,False,False,True
c5,5,C5 - Optimized,optimized,1,analysis/raw/c5/timing/c5_run_1.csv,C5-optimized,27225101617,1,5fb08dc42e47e9107c6d537fd0356c9099e8ebbb,dast_health_check,2026-06-09T18:37:25Z,2026-06-09T18:37:25Z,0,success,False,True,False,True
c5,5,C5 - Optimized,optimized,1,analysis/raw/c5/timing/c5_run_1.csv,C5-optimized,27225101617,1,5fb08dc42e47e9107c6d537fd0356c9099e8ebbb,dast_zap_baseline,2026-06-09T18:37:25Z,2026-06-09T18:38:09Z,44,success,False,True,False,True
c5,5,C5 - Optimized,optimized,1,analysis/raw/c5/timing/c5_run_1.csv,C5-optimized,27225101617,1,5fb08dc42e47e9107c6d537fd0356c9099e8ebbb,docker_build,2026-06-09T18:35:36Z,2026-06-09T18:35:41Z,5,success,False,False,False,True
c5,5,C5 - Optimized,optimized,1,analysis/raw/c5/timing/c5_run_1.csv,C5-optimized,27225101617,1,5fb08dc42e47e9107c6d537fd0356c9099e8ebbb,install_dependencies,2026-06-09T18:35:18Z,2026-06-09T18:35:18Z,0,success,False,False,False,True
c5,5,C5 - Optimized,optimized,1,analysis/raw/c5/timing/c5_run_1.csv,C5-optimized,27225101617,1,5fb08dc42e47e9107c6d537fd0356c9099e8ebbb,kubernetes_deploy,2026-06-09T18:36:36Z,2026-06-09T18:37:15Z,39,success,False,False,True,True
c5,5,C5 - Optimized,optimized,1,analysis/raw/c5/timing/c5_run_1.csv,C5-optimized,27225101617,1,5fb08dc42e47e9107c6d537fd0356c9099e8ebbb,kubernetes_smoke_test,2026-06-09T18:37:15Z,2026-06-09T18:37:20Z,5,success,False,False,True,True
c5,5,C5 - Optimized,optimized,1,analysis/raw/c5/timing/c5_run_1.csv,C5-optimized,27225101617,1,5fb08dc42e47e9107c6d537fd0356c9099e8ebbb,sca_fs,2026-06-09T18:35:52Z,2026-06-09T18:35:52Z,0,success,False,True,False,True
c5,5,C5 - Optimized,optimized,1,analysis/raw/c5/timing/c5_run_1.csv,C5-optimized,27225101617,1,5fb08dc42e47e9107c6d537fd0356c9099e8ebbb,sca_image,2026-06-09T18:35:52Z,2026-06-09T18:35:53Z,1,success,False,True,False,True
c5,5,C5 - Optimized,optimized,1,analysis/raw/c5/timing/c5_run_1.csv,C5-optimized,27225101617,1,5fb08dc42e47e9107c6d537fd0356c9099e8ebbb,sca_total,2026-06-09T18:35:52Z,2026-06-09T18:35:53Z,1,success,False,True,False,True
c5,5,C5 - Optimized,optimized,1,analysis/raw/c5/timing/c5_run_1.csv,C5-optimized,27225101617,1,5fb08dc42e47e9107c6d537fd0356c9099e8ebbb,sonarqube_sast,2026-06-09T18:35:20Z,2026-06-09T18:35:36Z,16,success,False,True,False,True
c5,5,C5 - Optimized,optimized,1,analysis/raw/c5/timing/c5_run_1.csv,C5-optimized,27225101617,1,5fb08dc42e47e9107c6d537fd0356c9099e8ebbb,unit_tests,2026-06-09T18:35:18Z,2026-06-09T18:35:20Z,2,success,False,False,False,True
c5,5,C5 - Optimized,optimized,1,analysis/raw/c5/timing/c5_run_1.csv,C5-optimized,27225101617,1,5fb08dc42e47e9107c6d537fd0356c9099e8ebbb,workflow_total,2026-06-09T18:35:17Z,2026-06-09T18:38:09Z,172,success,True,False,False,True
c5,5,C5 - Optimized,optimized,2,analysis/raw/c5/timing/c5_run_2.csv,C5-optimized,27229813861,2,ce728e75994d8f32aeafaef2d7b70eea8e0b6b4b,dast_health_check,2026-06-09T19:56:32Z,2026-06-09T19:56:32Z,0,success,False,True,False,True
c5,5,C5 - Optimized,optimized,2,analysis/raw/c5/timing/c5_run_2.csv,C5-optimized,27229813861,2,ce728e75994d8f32aeafaef2d7b70eea8e0b6b4b,dast_zap_baseline,2026-06-09T19:56:32Z,2026-06-09T19:57:51Z,79,success,False,True,False,True
c5,5,C5 - Optimized,optimized,2,analysis/raw/c5/timing/c5_run_2.csv,C5-optimized,27229813861,2,ce728e75994d8f32aeafaef2d7b70eea8e0b6b4b,docker_build,2026-06-09T19:54:10Z,2026-06-09T19:54:12Z,2,success,False,False,False,True
c5,5,C5 - Optimized,optimized,2,analysis/raw/c5/timing/c5_run_2.csv,C5-optimized,27229813861,2,ce728e75994d8f32aeafaef2d7b70eea8e0b6b4b,install_dependencies,2026-06-09T19:53:56Z,2026-06-09T19:53:57Z,1,success,False,False,False,True
c5,5,C5 - Optimized,optimized,2,analysis/raw/c5/timing/c5_run_2.csv,C5-optimized,27229813861,2,ce728e75994d8f32aeafaef2d7b70eea8e0b6b4b,kubernetes_deploy,2026-06-09T19:55:44Z,2026-06-09T19:56:21Z,37,success,False,False,True,True
c5,5,C5 - Optimized,optimized,2,analysis/raw/c5/timing/c5_run_2.csv,C5-optimized,27229813861,2,ce728e75994d8f32aeafaef2d7b70eea8e0b6b4b,kubernetes_smoke_test,2026-06-09T19:56:21Z,2026-06-09T19:56:27Z,6,success,False,False,True,True
c5,5,C5 - Optimized,optimized,2,analysis/raw/c5/timing/c5_run_2.csv,C5-optimized,27229813861,2,ce728e75994d8f32aeafaef2d7b70eea8e0b6b4b,sca_fs,2026-06-09T19:55:06Z,2026-06-09T19:55:07Z,1,success,False,True,False,True
c5,5,C5 - Optimized,optimized,2,analysis/raw/c5/timing/c5_run_2.csv,C5-optimized,27229813861,2,ce728e75994d8f32aeafaef2d7b70eea8e0b6b4b,sca_image,2026-06-09T19:55:07Z,2026-06-09T19:55:07Z,0,success,False,True,False,True
c5,5,C5 - Optimized,optimized,2,analysis/raw/c5/timing/c5_run_2.csv,C5-optimized,27229813861,2,ce728e75994d8f32aeafaef2d7b70eea8e0b6b4b,sca_total,2026-06-09T19:55:06Z,2026-06-09T19:55:07Z,1,success,False,True,False,True
c5,5,C5 - Optimized,optimized,2,analysis/raw/c5/timing/c5_run_2.csv,C5-optimized,27229813861,2,ce728e75994d8f32aeafaef2d7b70eea8e0b6b4b,sonarqube_sast,2026-06-09T19:53:58Z,2026-06-09T19:54:10Z,12,success,False,True,False,True
c5,5,C5 - Optimized,optimized,2,analysis/raw/c5/timing/c5_run_2.csv,C5-optimized,27229813861,2,ce728e75994d8f32aeafaef2d7b70eea8e0b6b4b,unit_tests,2026-06-09T19:53:57Z,2026-06-09T19:53:58Z,1,success,False,False,False,True
c5,5,C5 - Optimized,optimized,2,analysis/raw/c5/timing/c5_run_2.csv,C5-optimized,27229813861,2,ce728e75994d8f32aeafaef2d7b70eea8e0b6b4b,workflow_total,2026-06-09T19:53:52Z,2026-06-09T19:57:52Z,240,success,True,False,False,True
c5,5,C5 - Optimized,optimized,3,analysis/raw/c5/timing/c5_run_3.csv,C5-optimized,27229813861,2,ce728e75994d8f32aeafaef2d7b70eea8e0b6b4b,dast_health_check,2026-06-09T19:50:52Z,2026-06-09T19:50:52Z,0,success,False,True,False,True
c5,5,C5 - Optimized,optimized,3,analysis/raw/c5/timing/c5_run_3.csv,C5-optimized,27229813861,2,ce728e75994d8f32aeafaef2d7b70eea8e0b6b4b,dast_zap_baseline,2026-06-09T19:50:52Z,2026-06-09T19:51:36Z,44,success,False,True,False,True
c5,5,C5 - Optimized,optimized,3,analysis/raw/c5/timing/c5_run_3.csv,C5-optimized,27229813861,2,ce728e75994d8f32aeafaef2d7b70eea8e0b6b4b,docker_build,2026-06-09T19:49:02Z,2026-06-09T19:49:04Z,2,success,False,False,False,True
c5,5,C5 - Optimized,optimized,3,analysis/raw/c5/timing/c5_run_3.csv,C5-optimized,27229813861,2,ce728e75994d8f32aeafaef2d7b70eea8e0b6b4b,install_dependencies,2026-06-09T19:48:40Z,2026-06-09T19:48:41Z,1,success,False,False,False,True
c5,5,C5 - Optimized,optimized,3,analysis/raw/c5/timing/c5_run_3.csv,C5-optimized,27229813861,2,ce728e75994d8f32aeafaef2d7b70eea8e0b6b4b,kubernetes_deploy,2026-06-09T19:50:13Z,2026-06-09T19:50:42Z,29,success,False,False,True,True
c5,5,C5 - Optimized,optimized,3,analysis/raw/c5/timing/c5_run_3.csv,C5-optimized,27229813861,2,ce728e75994d8f32aeafaef2d7b70eea8e0b6b4b,kubernetes_smoke_test,2026-06-09T19:50:42Z,2026-06-09T19:50:47Z,5,success,False,False,True,True
c5,5,C5 - Optimized,optimized,3,analysis/raw/c5/timing/c5_run_3.csv,C5-optimized,27229813861,2,ce728e75994d8f32aeafaef2d7b70eea8e0b6b4b,sca_fs,2026-06-09T19:49:36Z,2026-06-09T19:49:36Z,0,success,False,True,False,True
c5,5,C5 - Optimized,optimized,3,analysis/raw/c5/timing/c5_run_3.csv,C5-optimized,27229813861,2,ce728e75994d8f32aeafaef2d7b70eea8e0b6b4b,sca_image,2026-06-09T19:49:36Z,2026-06-09T19:49:39Z,3,success,False,True,False,True
c5,5,C5 - Optimized,optimized,3,analysis/raw/c5/timing/c5_run_3.csv,C5-optimized,27229813861,2,ce728e75994d8f32aeafaef2d7b70eea8e0b6b4b,sca_total,2026-06-09T19:49:36Z,2026-06-09T19:49:39Z,3,success,False,True,False,True
c5,5,C5 - Optimized,optimized,3,analysis/raw/c5/timing/c5_run_3.csv,C5-optimized,27229813861,2,ce728e75994d8f32aeafaef2d7b70eea8e0b6b4b,sonarqube_sast,2026-06-09T19:48:42Z,2026-06-09T19:49:02Z,20,success,False,True,False,True
c5,5,C5 - Optimized,optimized,3,analysis/raw/c5/timing/c5_run_3.csv,C5-optimized,27229813861,2,ce728e75994d8f32aeafaef2d7b70eea8e0b6b4b,unit_tests,2026-06-09T19:48:41Z,2026-06-09T19:48:42Z,1,success,False,False,False,True
c5,5,C5 - Optimized,optimized,3,analysis/raw/c5/timing/c5_run_3.csv,C5-optimized,27229813861,2,ce728e75994d8f32aeafaef2d7b70eea8e0b6b4b,workflow_total,2026-06-09T19:48:36Z,2026-06-09T19:51:36Z,180,success,True,False,False,True
c5,5,C5 - Optimized,optimized,4,analysis/raw/c5/timing/c5_run_4.csv,C5-optimized,27229813861,2,ce728e75994d8f32aeafaef2d7b70eea8e0b6b4b,dast_health_check,2026-06-09T20:03:57Z,2026-06-09T20:03:57Z,0,success,False,True,False,True
c5,5,C5 - Optimized,optimized,4,analysis/raw/c5/timing/c5_run_4.csv,C5-optimized,27229813861,2,ce728e75994d8f32aeafaef2d7b70eea8e0b6b4b,dast_zap_baseline,2026-06-09T20:03:57Z,2026-06-09T20:04:34Z,37,success,False,True,False,True
c5,5,C5 - Optimized,optimized,4,analysis/raw/c5/timing/c5_run_4.csv,C5-optimized,27229813861,2,ce728e75994d8f32aeafaef2d7b70eea8e0b6b4b,docker_build,2026-06-09T20:01:56Z,2026-06-09T20:01:58Z,2,success,False,False,False,True
c5,5,C5 - Optimized,optimized,4,analysis/raw/c5/timing/c5_run_4.csv,C5-optimized,27229813861,2,ce728e75994d8f32aeafaef2d7b70eea8e0b6b4b,install_dependencies,2026-06-09T20:01:42Z,2026-06-09T20:01:42Z,0,success,False,False,False,True
c5,5,C5 - Optimized,optimized,4,analysis/raw/c5/timing/c5_run_4.csv,C5-optimized,27229813861,2,ce728e75994d8f32aeafaef2d7b70eea8e0b6b4b,kubernetes_deploy,2026-06-09T20:03:13Z,2026-06-09T20:03:47Z,34,success,False,False,True,True
c5,5,C5 - Optimized,optimized,4,analysis/raw/c5/timing/c5_run_4.csv,C5-optimized,27229813861,2,ce728e75994d8f32aeafaef2d7b70eea8e0b6b4b,kubernetes_smoke_test,2026-06-09T20:03:47Z,2026-06-09T20:03:52Z,5,success,False,False,True,True
c5,5,C5 - Optimized,optimized,4,analysis/raw/c5/timing/c5_run_4.csv,C5-optimized,27229813861,2,ce728e75994d8f32aeafaef2d7b70eea8e0b6b4b,sca_fs,2026-06-09T20:02:33Z,2026-06-09T20:02:33Z,0,success,False,True,False,True
c5,5,C5 - Optimized,optimized,4,analysis/raw/c5/timing/c5_run_4.csv,C5-optimized,27229813861,2,ce728e75994d8f32aeafaef2d7b70eea8e0b6b4b,sca_image,2026-06-09T20:02:33Z,2026-06-09T20:02:35Z,2,success,False,True,False,True
c5,5,C5 - Optimized,optimized,4,analysis/raw/c5/timing/c5_run_4.csv,C5-optimized,27229813861,2,ce728e75994d8f32aeafaef2d7b70eea8e0b6b4b,sca_total,2026-06-09T20:02:33Z,2026-06-09T20:02:35Z,2,success,False,True,False,True
c5,5,C5 - Optimized,optimized,4,analysis/raw/c5/timing/c5_run_4.csv,C5-optimized,27229813861,2,ce728e75994d8f32aeafaef2d7b70eea8e0b6b4b,sonarqube_sast,2026-06-09T20:01:43Z,2026-06-09T20:01:56Z,13,success,False,True,False,True
c5,5,C5 - Optimized,optimized,4,analysis/raw/c5/timing/c5_run_4.csv,C5-optimized,27229813861,2,ce728e75994d8f32aeafaef2d7b70eea8e0b6b4b,unit_tests,2026-06-09T20:01:42Z,2026-06-09T20:01:43Z,1,success,False,False,False,True
c5,5,C5 - Optimized,optimized,4,analysis/raw/c5/timing/c5_run_4.csv,C5-optimized,27229813861,2,ce728e75994d8f32aeafaef2d7b70eea8e0b6b4b,workflow_total,2026-06-09T20:01:37Z,2026-06-09T20:04:35Z,178,success,True,False,False,True
c5,5,C5 - Optimized,optimized,5,analysis/raw/c5/timing/c5_run_5.csv,C5-optimized,27229813861,2,ce728e75994d8f32aeafaef2d7b70eea8e0b6b4b,dast_health_check,2026-06-09T20:09:59Z,2026-06-09T20:09:59Z,0,success,False,True,False,True
c5,5,C5 - Optimized,optimized,5,analysis/raw/c5/timing/c5_run_5.csv,C5-optimized,27229813861,2,ce728e75994d8f32aeafaef2d7b70eea8e0b6b4b,dast_zap_baseline,2026-06-09T20:09:59Z,2026-06-09T20:10:35Z,36,success,False,True,False,True
c5,5,C5 - Optimized,optimized,5,analysis/raw/c5/timing/c5_run_5.csv,C5-optimized,27229813861,2,ce728e75994d8f32aeafaef2d7b70eea8e0b6b4b,docker_build,2026-06-09T20:07:52Z,2026-06-09T20:07:54Z,2,success,False,False,False,True
c5,5,C5 - Optimized,optimized,5,analysis/raw/c5/timing/c5_run_5.csv,C5-optimized,27229813861,2,ce728e75994d8f32aeafaef2d7b70eea8e0b6b4b,install_dependencies,2026-06-09T20:07:32Z,2026-06-09T20:07:32Z,0,success,False,False,False,True
c5,5,C5 - Optimized,optimized,5,analysis/raw/c5/timing/c5_run_5.csv,C5-optimized,27229813861,2,ce728e75994d8f32aeafaef2d7b70eea8e0b6b4b,kubernetes_deploy,2026-06-09T20:09:11Z,2026-06-09T20:09:49Z,38,success,False,False,True,True
c5,5,C5 - Optimized,optimized,5,analysis/raw/c5/timing/c5_run_5.csv,C5-optimized,27229813861,2,ce728e75994d8f32aeafaef2d7b70eea8e0b6b4b,kubernetes_smoke_test,2026-06-09T20:09:49Z,2026-06-09T20:09:54Z,5,success,False,False,True,True
c5,5,C5 - Optimized,optimized,5,analysis/raw/c5/timing/c5_run_5.csv,C5-optimized,27229813861,2,ce728e75994d8f32aeafaef2d7b70eea8e0b6b4b,sca_fs,2026-06-09T20:08:23Z,2026-06-09T20:08:23Z,0,success,False,True,False,True
c5,5,C5 - Optimized,optimized,5,analysis/raw/c5/timing/c5_run_5.csv,C5-optimized,27229813861,2,ce728e75994d8f32aeafaef2d7b70eea8e0b6b4b,sca_image,2026-06-09T20:08:23Z,2026-06-09T20:08:25Z,2,success,False,True,False,True
c5,5,C5 - Optimized,optimized,5,analysis/raw/c5/timing/c5_run_5.csv,C5-optimized,27229813861,2,ce728e75994d8f32aeafaef2d7b70eea8e0b6b4b,sca_total,2026-06-09T20:08:23Z,2026-06-09T20:08:25Z,2,success,False,True,False,True
c5,5,C5 - Optimized,optimized,5,analysis/raw/c5/timing/c5_run_5.csv,C5-optimized,27229813861,2,ce728e75994d8f32aeafaef2d7b70eea8e0b6b4b,sonarqube_sast,2026-06-09T20:07:34Z,2026-06-09T20:07:52Z,18,success,False,True,False,True
c5,5,C5 - Optimized,optimized,5,analysis/raw/c5/timing/c5_run_5.csv,C5-optimized,27229813861,2,ce728e75994d8f32aeafaef2d7b70eea8e0b6b4b,unit_tests,2026-06-09T20:07:32Z,2026-06-09T20:07:34Z,2,success,False,False,False,True
c5,5,C5 - Optimized,optimized,5,analysis/raw/c5/timing/c5_run_5.csv,C5-optimized,27229813861,2,ce728e75994d8f32aeafaef2d7b70eea8e0b6b4b,workflow_total,2026-06-09T20:07:26Z,2026-06-09T20:10:35Z,189,success,True,False,False,True
